﻿{"data":[{"Properties":{"domain":"ACUTE.LOCAL","name":"POLICYTEMPLATE@ACUTE.LOCAL","distinguishedname":"CN=POLICYTEMPLATE,CN=WMIPOLICY,CN=SYSTEM,DC=ACUTE,DC=LOCAL","domainsid":"S-1-5-21-1786406921-1914792807-2072761762","highvalue":false},"ChildObjects":[],"Aces":[{"PrincipalSID":"S-1-5-21-1786406921-1914792807-2072761762-512","PrincipalType":"Group","RightName":"Owns","IsInherited":false},{"PrincipalSID":"S-1-5-21-1786406921-1914792807-2072761762-512","PrincipalType":"Group","RightName":"WriteDacl","IsInherited":false},{"PrincipalSID":"S-1-5-21-1786406921-1914792807-2072761762-512","PrincipalType":"Group","RightName":"WriteOwner","IsInherited":false},{"PrincipalSID":"S-1-5-21-1786406921-1914792807-2072761762-519","PrincipalType":"Group","RightName":"GenericAll","IsInherited":true},{"PrincipalSID":"S-1-5-21-1786406921-1914792807-2072761762-512","PrincipalType":"Group","RightName":"GenericAll","IsInherited":true}],"ObjectIdentifier":"21FEC45B-0A55-456A-AB6C-39E9C7A56AF4","IsDeleted":false,"IsACLProtected":false},{"Properties":{"domain":"ACUTE.LOCAL","name":"ADMINSDHOLDER@ACUTE.LOCAL","distinguishedname":"CN=ADMINSDHOLDER,CN=SYSTEM,DC=ACUTE,DC=LOCAL","domainsid":"S-1-5-21-1786406921-1914792807-2072761762","highvalue":false},"ChildObjects":[],"Aces":[{"PrincipalSID":"S-1-5-21-1786406921-1914792807-2072761762-512","PrincipalType":"Group","RightName":"Owns","IsInherited":false},{"PrincipalSID":"ACUTE.LOCAL-S-1-5-32-544","PrincipalType":"Group","RightName":"WriteDacl","IsInherited":false},{"PrincipalSID":"ACUTE.LOCAL-S-1-5-32-544","PrincipalType":"Group","RightName":"WriteOwner","IsInherited":false},{"PrincipalSID":"S-1-5-21-1786406921-1914792807-2072761762-512","PrincipalType":"Group","RightName":"WriteDacl","IsInherited":false},{"PrincipalSID":"S-1-5-21-1786406921-1914792807-2072761762-512","PrincipalType":"Group","RightName":"WriteOwner","IsInherited":false},{"PrincipalSID":"S-1-5-21-1786406921-1914792807-2072761762-519","PrincipalType":"Group","RightName":"WriteDacl","IsInherited":false},{"PrincipalSID":"S-1-5-21-1786406921-1914792807-2072761762-519","PrincipalType":"Group","RightName":"WriteOwner","IsInherited":false}],"ObjectIdentifier":"709382F6-CE8A-4ACB-B219-BF0FED10E008","IsDeleted":false,"IsACLProtected":true},{"Properties":{"domain":"ACUTE.LOCAL","name":"WMIPOLICY@ACUTE.LOCAL","distinguishedname":"CN=WMIPOLICY,CN=SYSTEM,DC=ACUTE,DC=LOCAL","domainsid":"S-1-5-21-1786406921-1914792807-2072761762","highvalue":false},"ChildObjects":[],"Aces":[{"PrincipalSID":"S-1-5-21-1786406921-1914792807-2072761762-512","PrincipalType":"Group","RightName":"Owns","IsInherited":false},{"PrincipalSID":"S-1-5-21-1786406921-1914792807-2072761762-512","PrincipalType":"Group","RightName":"GenericAll","IsInherited":false},{"PrincipalSID":"S-1-5-21-1786406921-1914792807-2072761762-519","PrincipalType":"Group","RightName":"GenericAll","IsInherited":false}],"ObjectIdentifier":"AA26BBA5-C5A9-4506-9608-A6DA0BD12AA8","IsDeleted":false,"IsACLProtected":true},{"Properties":{"domain":"ACUTE.LOCAL","name":"SOM@ACUTE.LOCAL","distinguishedname":"CN=SOM,CN=WMIPOLICY,CN=SYSTEM,DC=ACUTE,DC=LOCAL","domainsid":"S-1-5-21-1786406921-1914792807-2072761762","highvalue":false},"ChildObjects":[],"Aces":[{"PrincipalSID":"S-1-5-21-1786406921-1914792807-2072761762-512","PrincipalType":"Group","RightName":"Owns","IsInherited":false},{"PrincipalSID":"S-1-5-21-1786406921-1914792807-2072761762-512","PrincipalType":"Group","RightName":"GenericAll","IsInherited":false},{"PrincipalSID":"S-1-5-21-1786406921-1914792807-2072761762-519","PrincipalType":"Group","RightName":"GenericAll","IsInherited":false}],"ObjectIdentifier":"3CBB7916-6B54-4CB9-A030-EB40E9950201","IsDeleted":false,"IsACLProtected":true},{"Properties":{"domain":"ACUTE.LOCAL","name":"COMPUTERS@ACUTE.LOCAL","distinguishedname":"CN=COMPUTERS,DC=ACUTE,DC=LOCAL","domainsid":"S-1-5-21-1786406921-1914792807-2072761762","highvalue":false},"ChildObjects":[{"ObjectIdentifier":"S-1-5-21-1786406921-1914792807-2072761762-1110","ObjectType":"Computer"},{"ObjectIdentifier":"S-1-5-21-1786406921-1914792807-2072761762-1103","ObjectType":"Computer"}],"Aces":[{"PrincipalSID":"S-1-5-21-1786406921-1914792807-2072761762-512","PrincipalType":"Group","RightName":"Owns","IsInherited":false},{"PrincipalSID":"S-1-5-21-1786406921-1914792807-2072761762-512","PrincipalType":"Group","RightName":"WriteDacl","IsInherited":false},{"PrincipalSID":"S-1-5-21-1786406921-1914792807-2072761762-512","PrincipalType":"Group","RightName":"WriteOwner","IsInherited":false},{"PrincipalSID":"S-1-5-21-1786406921-1914792807-2072761762-519","PrincipalType":"Group","RightName":"GenericAll","IsInherited":true},{"PrincipalSID":"ACUTE.LOCAL-S-1-5-32-544","PrincipalType":"Group","RightName":"WriteDacl","IsInherited":true},{"PrincipalSID":"ACUTE.LOCAL-S-1-5-32-544","PrincipalType":"Group","RightName":"WriteOwner","IsInherited":true}],"ObjectIdentifier":"A465CB1F-807E-48BF-A1F2-4D5E586A21F9","IsDeleted":false,"IsACLProtected":false},{"Properties":{"domain":"ACUTE.LOCAL","name":"SYSTEM@ACUTE.LOCAL","distinguishedname":"CN=SYSTEM,DC=ACUTE,DC=LOCAL","domainsid":"S-1-5-21-1786406921-1914792807-2072761762","highvalue":false},"ChildObjects":[],"Aces":[{"PrincipalSID":"S-1-5-21-1786406921-1914792807-2072761762-512","PrincipalType":"Group","RightName":"Owns","IsInherited":false},{"PrincipalSID":"S-1-5-21-1786406921-1914792807-2072761762-512","PrincipalType":"Group","RightName":"WriteDacl","IsInherited":false},{"PrincipalSID":"S-1-5-21-1786406921-1914792807-2072761762-512","PrincipalType":"Group","RightName":"WriteOwner","IsInherited":false},{"PrincipalSID":"S-1-5-21-1786406921-1914792807-2072761762-519","PrincipalType":"Group","RightName":"GenericAll","IsInherited":true},{"PrincipalSID":"ACUTE.LOCAL-S-1-5-32-544","PrincipalType":"Group","RightName":"WriteDacl","IsInherited":true},{"PrincipalSID":"ACUTE.LOCAL-S-1-5-32-544","PrincipalType":"Group","RightName":"WriteOwner","IsInherited":true}],"ObjectIdentifier":"B79F0B7D-0066-4491-B2D5-DD27A78F8398","IsDeleted":false,"IsACLProtected":false},{"Properties":{"domain":"ACUTE.LOCAL","name":"FOREIGNSECURITYPRINCIPALS@ACUTE.LOCAL","distinguishedname":"CN=FOREIGNSECURITYPRINCIPALS,DC=ACUTE,DC=LOCAL","domainsid":"S-1-5-21-1786406921-1914792807-2072761762","highvalue":false},"ChildObjects":[],"Aces":[{"PrincipalSID":"S-1-5-21-1786406921-1914792807-2072761762-512","PrincipalType":"Group","RightName":"Owns","IsInherited":false},{"PrincipalSID":"S-1-5-21-1786406921-1914792807-2072761762-512","PrincipalType":"Group","RightName":"GenericAll","IsInherited":false},{"PrincipalSID":"S-1-5-21-1786406921-1914792807-2072761762-519","PrincipalType":"Group","RightName":"GenericAll","IsInherited":true},{"PrincipalSID":"ACUTE.LOCAL-S-1-5-32-544","PrincipalType":"Group","RightName":"WriteDacl","IsInherited":true},{"PrincipalSID":"ACUTE.LOCAL-S-1-5-32-544","PrincipalType":"Group","RightName":"WriteOwner","IsInherited":true}],"ObjectIdentifier":"F7748C83-8073-4EF0-BD9C-9B53824F1ACB","IsDeleted":false,"IsACLProtected":false},{"Properties":{"domain":"ACUTE.LOCAL","name":"MEETINGS@ACUTE.LOCAL","distinguishedname":"CN=MEETINGS,CN=SYSTEM,DC=ACUTE,DC=LOCAL","domainsid":"S-1-5-21-1786406921-1914792807-2072761762","highvalue":false},"ChildObjects":[],"Aces":[{"PrincipalSID":"S-1-5-21-1786406921-1914792807-2072761762-512","PrincipalType":"Group","RightName":"Owns","IsInherited":false},{"PrincipalSID":"S-1-5-21-1786406921-1914792807-2072761762-512","PrincipalType":"Group","RightName":"WriteDacl","IsInherited":false},{"PrincipalSID":"S-1-5-21-1786406921-1914792807-2072761762-512","PrincipalType":"Group","RightName":"WriteOwner","IsInherited":false},{"PrincipalSID":"S-1-5-21-1786406921-1914792807-2072761762-519","PrincipalType":"Group","RightName":"GenericAll","IsInherited":true},{"PrincipalSID":"ACUTE.LOCAL-S-1-5-32-544","PrincipalType":"Group","RightName":"WriteDacl","IsInherited":true},{"PrincipalSID":"ACUTE.LOCAL-S-1-5-32-544","PrincipalType":"Group","RightName":"WriteOwner","IsInherited":true}],"ObjectIdentifier":"EDA9C6E5-4762-409B-817E-EFC892F63892","IsDeleted":false,"IsACLProtected":false},{"Properties":{"domain":"ACUTE.LOCAL","name":"PROGRAM DATA@ACUTE.LOCAL","distinguishedname":"CN=PROGRAM DATA,DC=ACUTE,DC=LOCAL","domainsid":"S-1-5-21-1786406921-1914792807-2072761762","highvalue":false},"ChildObjects":[],"Aces":[{"PrincipalSID":"S-1-5-21-1786406921-1914792807-2072761762-512","PrincipalType":"Group","RightName":"Owns","IsInherited":false},{"PrincipalSID":"S-1-5-21-1786406921-1914792807-2072761762-512","PrincipalType":"Group","RightName":"GenericAll","IsInherited":false},{"PrincipalSID":"S-1-5-21-1786406921-1914792807-2072761762-519","PrincipalType":"Group","RightName":"GenericAll","IsInherited":true},{"PrincipalSID":"ACUTE.LOCAL-S-1-5-32-544","PrincipalType":"Group","RightName":"WriteDacl","IsInherited":true},{"PrincipalSID":"ACUTE.LOCAL-S-1-5-32-544","PrincipalType":"Group","RightName":"WriteOwner","IsInherited":true}],"ObjectIdentifier":"09BAFA44-C284-4E04-8E51-72A32395D8AD","IsDeleted":false,"IsACLProtected":false},{"Properties":{"domain":"ACUTE.LOCAL","name":"COMPARTITIONS@ACUTE.LOCAL","distinguishedname":"CN=COMPARTITIONS,CN=SYSTEM,DC=ACUTE,DC=LOCAL","domainsid":"S-1-5-21-1786406921-1914792807-2072761762","highvalue":false},"ChildObjects":[],"Aces":[{"PrincipalSID":"S-1-5-21-1786406921-1914792807-2072761762-512","PrincipalType":"Group","RightName":"Owns","IsInherited":false},{"PrincipalSID":"S-1-5-21-1786406921-1914792807-2072761762-512","PrincipalType":"Group","RightName":"WriteDacl","IsInherited":false},{"PrincipalSID":"S-1-5-21-1786406921-1914792807-2072761762-512","PrincipalType":"Group","RightName":"WriteOwner","IsInherited":false},{"PrincipalSID":"S-1-5-21-1786406921-1914792807-2072761762-519","PrincipalType":"Group","RightName":"GenericAll","IsInherited":true},{"PrincipalSID":"ACUTE.LOCAL-S-1-5-32-544","PrincipalType":"Group","RightName":"WriteDacl","IsInherited":true},{"PrincipalSID":"ACUTE.LOCAL-S-1-5-32-544","PrincipalType":"Group","RightName":"WriteOwner","IsInherited":true}],"ObjectIdentifier":"18419AB9-49F3-48F5-BAF6-5BEE6B495F51","IsDeleted":false,"IsACLProtected":false},{"Properties":{"domain":"ACUTE.LOCAL","name":"COMPARTITIONSETS@ACUTE.LOCAL","distinguishedname":"CN=COMPARTITIONSETS,CN=SYSTEM,DC=ACUTE,DC=LOCAL","domainsid":"S-1-5-21-1786406921-1914792807-2072761762","highvalue":false},"ChildObjects":[],"Aces":[{"PrincipalSID":"S-1-5-21-1786406921-1914792807-2072761762-512","PrincipalType":"Group","RightName":"Owns","IsInherited":false},{"PrincipalSID":"S-1-5-21-1786406921-1914792807-2072761762-512","PrincipalType":"Group","RightName":"WriteDacl","IsInherited":false},{"PrincipalSID":"S-1-5-21-1786406921-1914792807-2072761762-512","PrincipalType":"Group","RightName":"WriteOwner","IsInherited":false},{"PrincipalSID":"S-1-5-21-1786406921-1914792807-2072761762-519","PrincipalType":"Group","RightName":"GenericAll","IsInherited":true},{"PrincipalSID":"ACUTE.LOCAL-S-1-5-32-544","PrincipalType":"Group","RightName":"WriteDacl","IsInherited":true},{"PrincipalSID":"ACUTE.LOCAL-S-1-5-32-544","PrincipalType":"Group","RightName":"WriteOwner","IsInherited":true}],"ObjectIdentifier":"C5BFB484-DD2F-4CE7-B891-CFBB311F416D","IsDeleted":false,"IsACLProtected":false},{"Properties":{"domain":"ACUTE.LOCAL","name":"WINSOCKSERVICES@ACUTE.LOCAL","distinguishedname":"CN=WINSOCKSERVICES,CN=SYSTEM,DC=ACUTE,DC=LOCAL","domainsid":"S-1-5-21-1786406921-1914792807-2072761762","highvalue":false},"ChildObjects":[],"Aces":[{"PrincipalSID":"S-1-5-21-1786406921-1914792807-2072761762-512","PrincipalType":"Group","RightName":"Owns","IsInherited":false},{"PrincipalSID":"S-1-5-21-1786406921-1914792807-2072761762-512","PrincipalType":"Group","RightName":"WriteDacl","IsInherited":false},{"PrincipalSID":"S-1-5-21-1786406921-1914792807-2072761762-512","PrincipalType":"Group","RightName":"WriteOwner","IsInherited":false},{"PrincipalSID":"S-1-5-21-1786406921-1914792807-2072761762-519","PrincipalType":"Group","RightName":"GenericAll","IsInherited":true},{"PrincipalSID":"ACUTE.LOCAL-S-1-5-32-544","PrincipalType":"Group","RightName":"WriteDacl","IsInherited":true},{"PrincipalSID":"ACUTE.LOCAL-S-1-5-32-544","PrincipalType":"Group","RightName":"WriteOwner","IsInherited":true}],"ObjectIdentifier":"C83FDE01-0E92-4A9F-B744-4110CE96DACA","IsDeleted":false,"IsACLProtected":false},{"Properties":{"domain":"ACUTE.LOCAL","name":"MICROSOFT@ACUTE.LOCAL","distinguishedname":"CN=MICROSOFT,CN=PROGRAM DATA,DC=ACUTE,DC=LOCAL","domainsid":"S-1-5-21-1786406921-1914792807-2072761762","highvalue":false},"ChildObjects":[],"Aces":[{"PrincipalSID":"S-1-5-21-1786406921-1914792807-2072761762-512","PrincipalType":"Group","RightName":"Owns","IsInherited":false},{"PrincipalSID":"S-1-5-21-1786406921-1914792807-2072761762-512","PrincipalType":"Group","RightName":"GenericAll","IsInherited":false},{"PrincipalSID":"S-1-5-21-1786406921-1914792807-2072761762-519","PrincipalType":"Group","RightName":"GenericAll","IsInherited":true},{"PrincipalSID":"ACUTE.LOCAL-S-1-5-32-544","PrincipalType":"Group","RightName":"WriteDacl","IsInherited":true},{"PrincipalSID":"ACUTE.LOCAL-S-1-5-32-544","PrincipalType":"Group","RightName":"WriteOwner","IsInherited":true}],"ObjectIdentifier":"1EF2ACA6-7FB4-4F50-AD8C-E6262A26CBF9","IsDeleted":false,"IsACLProtected":false},{"Properties":{"domain":"ACUTE.LOCAL","name":"MANAGED SERVICE ACCOUNTS@ACUTE.LOCAL","distinguishedname":"CN=MANAGED SERVICE ACCOUNTS,DC=ACUTE,DC=LOCAL","domainsid":"S-1-5-21-1786406921-1914792807-2072761762","highvalue":false},"ChildObjects":[],"Aces":[{"PrincipalSID":"S-1-5-21-1786406921-1914792807-2072761762-512","PrincipalType":"Group","RightName":"Owns","IsInherited":false},{"PrincipalSID":"S-1-5-21-1786406921-1914792807-2072761762-512","PrincipalType":"Group","RightName":"WriteDacl","IsInherited":false},{"PrincipalSID":"S-1-5-21-1786406921-1914792807-2072761762-512","PrincipalType":"Group","RightName":"WriteOwner","IsInherited":false},{"PrincipalSID":"S-1-5-21-1786406921-1914792807-2072761762-519","PrincipalType":"Group","RightName":"GenericAll","IsInherited":true},{"PrincipalSID":"ACUTE.LOCAL-S-1-5-32-544","PrincipalType":"Group","RightName":"WriteDacl","IsInherited":true},{"PrincipalSID":"ACUTE.LOCAL-S-1-5-32-544","PrincipalType":"Group","RightName":"WriteOwner","IsInherited":true}],"ObjectIdentifier":"D5529093-8A75-41A2-8B4C-7D3203A21DA9","IsDeleted":false,"IsACLProtected":false},{"Properties":{"domain":"ACUTE.LOCAL","name":"RPCSERVICES@ACUTE.LOCAL","distinguishedname":"CN=RPCSERVICES,CN=SYSTEM,DC=ACUTE,DC=LOCAL","domainsid":"S-1-5-21-1786406921-1914792807-2072761762","highvalue":false},"ChildObjects":[],"Aces":[{"PrincipalSID":"S-1-5-21-1786406921-1914792807-2072761762-512","PrincipalType":"Group","RightName":"Owns","IsInherited":false},{"PrincipalSID":"S-1-5-21-1786406921-1914792807-2072761762-512","PrincipalType":"Group","RightName":"WriteDacl","IsInherited":false},{"PrincipalSID":"S-1-5-21-1786406921-1914792807-2072761762-512","PrincipalType":"Group","RightName":"WriteOwner","IsInherited":false},{"PrincipalSID":"S-1-5-21-1786406921-1914792807-2072761762-519","PrincipalType":"Group","RightName":"GenericAll","IsInherited":true},{"PrincipalSID":"ACUTE.LOCAL-S-1-5-32-544","PrincipalType":"Group","RightName":"WriteDacl","IsInherited":true},{"PrincipalSID":"ACUTE.LOCAL-S-1-5-32-544","PrincipalType":"Group","RightName":"WriteOwner","IsInherited":true}],"ObjectIdentifier":"D3003CCC-60ED-4C38-8053-236F5A0394D3","IsDeleted":false,"IsACLProtected":false},{"Properties":{"domain":"ACUTE.LOCAL","name":"POLICYTYPE@ACUTE.LOCAL","distinguishedname":"CN=POLICYTYPE,CN=WMIPOLICY,CN=SYSTEM,DC=ACUTE,DC=LOCAL","domainsid":"S-1-5-21-1786406921-1914792807-2072761762","highvalue":false},"ChildObjects":[],"Aces":[{"PrincipalSID":"S-1-5-21-1786406921-1914792807-2072761762-512","PrincipalType":"Group","RightName":"Owns","IsInherited":false},{"PrincipalSID":"S-1-5-21-1786406921-1914792807-2072761762-512","PrincipalType":"Group","RightName":"WriteDacl","IsInherited":false},{"PrincipalSID":"S-1-5-21-1786406921-1914792807-2072761762-512","PrincipalType":"Group","RightName":"WriteOwner","IsInherited":false},{"PrincipalSID":"S-1-5-21-1786406921-1914792807-2072761762-519","PrincipalType":"Group","RightName":"GenericAll","IsInherited":true},{"PrincipalSID":"S-1-5-21-1786406921-1914792807-2072761762-512","PrincipalType":"Group","RightName":"GenericAll","IsInherited":true}],"ObjectIdentifier":"3110EE93-1845-4807-AB14-AA55C62485BE","IsDeleted":false,"IsACLProtected":false},{"Properties":{"domain":"ACUTE.LOCAL","name":"RAS AND IAS SERVERS ACCESS CHECK@ACUTE.LOCAL","distinguishedname":"CN=RAS AND IAS SERVERS ACCESS CHECK,CN=SYSTEM,DC=ACUTE,DC=LOCAL","domainsid":"S-1-5-21-1786406921-1914792807-2072761762","highvalue":false},"ChildObjects":[],"Aces":[{"PrincipalSID":"S-1-5-21-1786406921-1914792807-2072761762-512","PrincipalType":"Group","RightName":"Owns","IsInherited":false},{"PrincipalSID":"S-1-5-21-1786406921-1914792807-2072761762-553","PrincipalType":"Group","RightName":"WriteDacl","IsInherited":false},{"PrincipalSID":"S-1-5-21-1786406921-1914792807-2072761762-553","PrincipalType":"Group","RightName":"WriteOwner","IsInherited":false},{"PrincipalSID":"S-1-5-21-1786406921-1914792807-2072761762-519","PrincipalType":"Group","RightName":"GenericAll","IsInherited":true},{"PrincipalSID":"ACUTE.LOCAL-S-1-5-32-544","PrincipalType":"Group","RightName":"WriteDacl","IsInherited":true},{"PrincipalSID":"ACUTE.LOCAL-S-1-5-32-544","PrincipalType":"Group","RightName":"WriteOwner","IsInherited":true}],"ObjectIdentifier":"8CA505E7-11E1-4709-8AE1-101B2CE6F9C2","IsDeleted":false,"IsACLProtected":false},{"Properties":{"domain":"ACUTE.LOCAL","name":"POLICIES@ACUTE.LOCAL","distinguishedname":"CN=POLICIES,CN=SYSTEM,DC=ACUTE,DC=LOCAL","domainsid":"S-1-5-21-1786406921-1914792807-2072761762","highvalue":false},"ChildObjects":[],"Aces":[{"PrincipalSID":"S-1-5-21-1786406921-1914792807-2072761762-512","PrincipalType":"Group","RightName":"Owns","IsInherited":false},{"PrincipalSID":"S-1-5-21-1786406921-1914792807-2072761762-512","PrincipalType":"Group","RightName":"WriteDacl","IsInherited":false},{"PrincipalSID":"S-1-5-21-1786406921-1914792807-2072761762-512","PrincipalType":"Group","RightName":"WriteOwner","IsInherited":false},{"PrincipalSID":"S-1-5-21-1786406921-1914792807-2072761762-519","PrincipalType":"Group","RightName":"GenericAll","IsInherited":true},{"PrincipalSID":"ACUTE.LOCAL-S-1-5-32-544","PrincipalType":"Group","RightName":"WriteDacl","IsInherited":true},{"PrincipalSID":"ACUTE.LOCAL-S-1-5-32-544","PrincipalType":"Group","RightName":"WriteOwner","IsInherited":true}],"ObjectIdentifier":"3AB3316B-E91B-4EEE-BE43-FEB75CE1E70D","IsDeleted":false,"IsACLProtected":false},{"Properties":{"domain":"ACUTE.LOCAL","name":"WMIGPO@ACUTE.LOCAL","distinguishedname":"CN=WMIGPO,CN=WMIPOLICY,CN=SYSTEM,DC=ACUTE,DC=LOCAL","domainsid":"S-1-5-21-1786406921-1914792807-2072761762","highvalue":false},"ChildObjects":[],"Aces":[{"PrincipalSID":"S-1-5-21-1786406921-1914792807-2072761762-512","PrincipalType":"Group","RightName":"Owns","IsInherited":false},{"PrincipalSID":"S-1-5-21-1786406921-1914792807-2072761762-512","PrincipalType":"Group","RightName":"WriteDacl","IsInherited":false},{"PrincipalSID":"S-1-5-21-1786406921-1914792807-2072761762-512","PrincipalType":"Group","RightName":"WriteOwner","IsInherited":false},{"PrincipalSID":"S-1-5-21-1786406921-1914792807-2072761762-519","PrincipalType":"Group","RightName":"GenericAll","IsInherited":true},{"PrincipalSID":"S-1-5-21-1786406921-1914792807-2072761762-512","PrincipalType":"Group","RightName":"GenericAll","IsInherited":true}],"ObjectIdentifier":"CFE8AFAE-DBB4-4009-A907-C367F892E51D","IsDeleted":false,"IsACLProtected":false},{"Properties":{"domain":"ACUTE.LOCAL","name":"IP SECURITY@ACUTE.LOCAL","distinguishedname":"CN=IP SECURITY,CN=SYSTEM,DC=ACUTE,DC=LOCAL","domainsid":"S-1-5-21-1786406921-1914792807-2072761762","highvalue":false},"ChildObjects":[],"Aces":[{"PrincipalSID":"S-1-5-21-1786406921-1914792807-2072761762-512","PrincipalType":"Group","RightName":"Owns","IsInherited":false},{"PrincipalSID":"S-1-5-21-1786406921-1914792807-2072761762-512","PrincipalType":"Group","RightName":"WriteDacl","IsInherited":false},{"PrincipalSID":"S-1-5-21-1786406921-1914792807-2072761762-512","PrincipalType":"Group","RightName":"WriteOwner","IsInherited":false},{"PrincipalSID":"S-1-5-21-1786406921-1914792807-2072761762-519","PrincipalType":"Group","RightName":"GenericAll","IsInherited":true},{"PrincipalSID":"ACUTE.LOCAL-S-1-5-32-544","PrincipalType":"Group","RightName":"WriteDacl","IsInherited":true},{"PrincipalSID":"ACUTE.LOCAL-S-1-5-32-544","PrincipalType":"Group","RightName":"WriteOwner","IsInherited":true}],"ObjectIdentifier":"B5EC706B-BCFF-4D50-843A-4B9217706008","IsDeleted":false,"IsACLProtected":false},{"Properties":{"domain":"ACUTE.LOCAL","name":"PSPS@ACUTE.LOCAL","distinguishedname":"CN=PSPS,CN=SYSTEM,DC=ACUTE,DC=LOCAL","domainsid":"S-1-5-21-1786406921-1914792807-2072761762","highvalue":false},"ChildObjects":[],"Aces":[{"PrincipalSID":"S-1-5-21-1786406921-1914792807-2072761762-512","PrincipalType":"Group","RightName":"Owns","IsInherited":false},{"PrincipalSID":"S-1-5-21-1786406921-1914792807-2072761762-512","PrincipalType":"Group","RightName":"GenericAll","IsInherited":false},{"PrincipalSID":"S-1-5-21-1786406921-1914792807-2072761762-519","PrincipalType":"Group","RightName":"GenericAll","IsInherited":true},{"PrincipalSID":"ACUTE.LOCAL-S-1-5-32-544","PrincipalType":"Group","RightName":"WriteDacl","IsInherited":true},{"PrincipalSID":"ACUTE.LOCAL-S-1-5-32-544","PrincipalType":"Group","RightName":"WriteOwner","IsInherited":true}],"ObjectIdentifier":"EDB2949A-02E9-4787-8A1F-844A1A949CFB","IsDeleted":false,"IsACLProtected":false},{"Properties":{"domain":"ACUTE.LOCAL","name":"USERS@ACUTE.LOCAL","distinguishedname":"CN=USERS,DC=ACUTE,DC=LOCAL","domainsid":"S-1-5-21-1786406921-1914792807-2072761762","highvalue":false},"ChildObjects":[{"ObjectIdentifier":"S-1-5-21-1786406921-1914792807-2072761762-500","ObjectType":"User"},{"ObjectIdentifier":"S-1-5-21-1786406921-1914792807-2072761762-571","ObjectType":"Group"},{"ObjectIdentifier":"S-1-5-21-1786406921-1914792807-2072761762-517","ObjectType":"Group"},{"ObjectIdentifier":"S-1-5-21-1786406921-1914792807-2072761762-522","ObjectType":"Group"},{"ObjectIdentifier":"S-1-5-21-1786406921-1914792807-2072761762-572","ObjectType":"Group"},{"ObjectIdentifier":"S-1-5-21-1786406921-1914792807-2072761762-1101","ObjectType":"Group"},{"ObjectIdentifier":"S-1-5-21-1786406921-1914792807-2072761762-1102","ObjectType":"Group"},{"ObjectIdentifier":"S-1-5-21-1786406921-1914792807-2072761762-512","ObjectType":"Group"},{"ObjectIdentifier":"S-1-5-21-1786406921-1914792807-2072761762-515","ObjectType":"Group"},{"ObjectIdentifier":"S-1-5-21-1786406921-1914792807-2072761762-516","ObjectType":"Group"},{"ObjectIdentifier":"S-1-5-21-1786406921-1914792807-2072761762-514","ObjectType":"Group"},{"ObjectIdentifier":"S-1-5-21-1786406921-1914792807-2072761762-513","ObjectType":"Group"},{"ObjectIdentifier":"S-1-5-21-1786406921-1914792807-2072761762-519","ObjectType":"Group"},{"ObjectIdentifier":"S-1-5-21-1786406921-1914792807-2072761762-527","ObjectType":"Group"},{"ObjectIdentifier":"S-1-5-21-1786406921-1914792807-2072761762-498","ObjectType":"Group"},{"ObjectIdentifier":"S-1-5-21-1786406921-1914792807-2072761762-520","ObjectType":"Group"},{"ObjectIdentifier":"S-1-5-21-1786406921-1914792807-2072761762-501","ObjectType":"User"},{"ObjectIdentifier":"S-1-5-21-1786406921-1914792807-2072761762-526","ObjectType":"Group"},{"ObjectIdentifier":"S-1-5-21-1786406921-1914792807-2072761762-502","ObjectType":"User"},{"ObjectIdentifier":"S-1-5-21-1786406921-1914792807-2072761762-525","ObjectType":"Group"},{"ObjectIdentifier":"S-1-5-21-1786406921-1914792807-2072761762-553","ObjectType":"Group"},{"ObjectIdentifier":"S-1-5-21-1786406921-1914792807-2072761762-521","ObjectType":"Group"},{"ObjectIdentifier":"S-1-5-21-1786406921-1914792807-2072761762-518","ObjectType":"Group"}],"Aces":[{"PrincipalSID":"S-1-5-21-1786406921-1914792807-2072761762-512","PrincipalType":"Group","RightName":"Owns","IsInherited":false},{"PrincipalSID":"S-1-5-21-1786406921-1914792807-2072761762-512","PrincipalType":"Group","RightName":"WriteDacl","IsInherited":false},{"PrincipalSID":"S-1-5-21-1786406921-1914792807-2072761762-512","PrincipalType":"Group","RightName":"WriteOwner","IsInherited":false},{"PrincipalSID":"S-1-5-21-1786406921-1914792807-2072761762-519","PrincipalType":"Group","RightName":"GenericAll","IsInherited":true},{"PrincipalSID":"ACUTE.LOCAL-S-1-5-32-544","PrincipalType":"Group","RightName":"WriteDacl","IsInherited":true},{"PrincipalSID":"ACUTE.LOCAL-S-1-5-32-544","PrincipalType":"Group","RightName":"WriteOwner","IsInherited":true}],"ObjectIdentifier":"6A7FCCD1-58B1-45D9-AF08-C7A8FFDE0EFA","IsDeleted":false,"IsACLProtected":false}],"meta":{"methods":29695,"type":"containers","count":22,"version":5}}