﻿{"data":[{"GPOChanges":{"LocalAdmins":[],"RemoteDesktopUsers":[],"DcomUsers":[],"PSRemoteUsers":[],"AffectedComputers":[{"ObjectIdentifier":"S-1-5-21-1786406921-1914792807-2072761762-1000","ObjectType":"Computer"},{"ObjectIdentifier":"S-1-5-21-1786406921-1914792807-2072761762-1103","ObjectType":"Computer"},{"ObjectIdentifier":"S-1-5-21-1786406921-1914792807-2072761762-1110","ObjectType":"Computer"}]},"Properties":{"domain":"ACUTE.LOCAL","name":"ACUTE.LOCAL","distinguishedname":"DC=ACUTE,DC=LOCAL","domainsid":"S-1-5-21-1786406921-1914792807-2072761762","highvalue":true,"description":null,"whencreated":1640035781,"functionallevel":"2016"},"ChildObjects":[{"ObjectIdentifier":"A465CB1F-807E-48BF-A1F2-4D5E586A21F9","ObjectType":"Container"},{"ObjectIdentifier":"3D2A8B77-0D5C-411E-AEB8-DAA90ED3A0B5","ObjectType":"OU"},{"ObjectIdentifier":"F7748C83-8073-4EF0-BD9C-9B53824F1ACB","ObjectType":"Container"},{"ObjectIdentifier":"D5529093-8A75-41A2-8B4C-7D3203A21DA9","ObjectType":"Container"},{"ObjectIdentifier":"EEA19768-7F09-4496-BCDB-EC209D84FA5F","ObjectType":"OU"},{"ObjectIdentifier":"6A7FCCD1-58B1-45D9-AF08-C7A8FFDE0EFA","ObjectType":"Container"}],"Trusts":[],"Links":[{"IsEnforced":false,"GUID":"7884E09F-FEFC-4E1E-83A2-8605633926F9"},{"IsEnforced":false,"GUID":"D03ADA5E-7541-4B04-9E6E-59D1E6646F82"},{"IsEnforced":false,"GUID":"A4CA7250-483D-4C19-9CF9-789B68F9486D"}],"Aces":[{"PrincipalSID":"ACUTE.LOCAL-S-1-5-32-544","PrincipalType":"Group","RightName":"Owns","IsInherited":false},{"PrincipalSID":"ACUTE.LOCAL-S-1-5-32-544","PrincipalType":"Group","RightName":"WriteDacl","IsInherited":false},{"PrincipalSID":"ACUTE.LOCAL-S-1-5-32-544","PrincipalType":"Group","RightName":"WriteOwner","IsInherited":false},{"PrincipalSID":"ACUTE.LOCAL-S-1-5-32-544","PrincipalType":"Group","RightName":"AllExtendedRights","IsInherited":false},{"PrincipalSID":"S-1-5-21-1786406921-1914792807-2072761762-512","PrincipalType":"Group","RightName":"WriteDacl","IsInherited":false},{"PrincipalSID":"S-1-5-21-1786406921-1914792807-2072761762-512","PrincipalType":"Group","RightName":"WriteOwner","IsInherited":false},{"PrincipalSID":"S-1-5-21-1786406921-1914792807-2072761762-512","PrincipalType":"Group","RightName":"AllExtendedRights","IsInherited":false},{"PrincipalSID":"S-1-5-21-1786406921-1914792807-2072761762-519","PrincipalType":"Group","RightName":"GenericAll","IsInherited":false},{"PrincipalSID":"ACUTE.LOCAL-S-1-5-9","PrincipalType":"Group","RightName":"GetChanges","IsInherited":false},{"PrincipalSID":"ACUTE.LOCAL-S-1-5-9","PrincipalType":"Group","RightName":"GetChangesInFilteredSet","IsInherited":false},{"PrincipalSID":"ACUTE.LOCAL-S-1-5-32-544","PrincipalType":"Group","RightName":"GetChangesAll","IsInherited":false},{"PrincipalSID":"ACUTE.LOCAL-S-1-5-32-544","PrincipalType":"Group","RightName":"GetChanges","IsInherited":false},{"PrincipalSID":"ACUTE.LOCAL-S-1-5-32-544","PrincipalType":"Group","RightName":"GetChangesInFilteredSet","IsInherited":false},{"PrincipalSID":"S-1-5-21-1786406921-1914792807-2072761762-498","PrincipalType":"Group","RightName":"GetChanges","IsInherited":false},{"PrincipalSID":"S-1-5-21-1786406921-1914792807-2072761762-516","PrincipalType":"Group","RightName":"GetChangesAll","IsInherited":false}],"ObjectIdentifier":"S-1-5-21-1786406921-1914792807-2072761762","IsDeleted":false,"IsACLProtected":false}],"meta":{"methods":29695,"type":"domains","count":1,"version":5}}