﻿{"data":[{"Properties":{"domain":"ACUTE.LOCAL","name":"MARVEL-PC01.ACUTE.LOCAL","distinguishedname":"CN=MARVEL-PC01,CN=COMPUTERS,DC=ACUTE,DC=LOCAL","domainsid":"S-1-5-21-1786406921-1914792807-2072761762","highvalue":false,"samaccountname":"MARVEL-PC01$","haslaps":false,"description":null,"whencreated":1640038128,"enabled":true,"unconstraineddelegation":false,"trustedtoauth":false,"lastlogon":1642966984,"lastlogontimestamp":1642935286,"pwdlastset":1642935286,"serviceprincipalnames":["WSMAN/Marvel-PC01","WSMAN/Marvel-PC01.acute.local","TERMSRV/MARVEL-PC01","TERMSRV/Marvel-PC01.acute.local","RestrictedKrbHost/MARVEL-PC01","HOST/MARVEL-PC01","RestrictedKrbHost/Marvel-PC01.acute.local","HOST/Marvel-PC01.acute.local"],"operatingsystem":"Windows 10 Pro","sidhistory":[]},"PrimaryGroupSID":"S-1-5-21-1786406921-1914792807-2072761762-515","AllowedToDelegate":[],"AllowedToAct":[],"HasSIDHistory":[],"Sessions":{"Results":[],"Collected":false,"FailureReason":null},"PrivilegedSessions":{"Results":[],"Collected":false,"FailureReason":null},"RegistrySessions":{"Results":[],"Collected":false,"FailureReason":null},"LocalAdmins":{"Results":[],"Collected":false,"FailureReason":null},"RemoteDesktopUsers":{"Results":[],"Collected":false,"FailureReason":null},"DcomUsers":{"Results":[],"Collected":false,"FailureReason":null},"PSRemoteUsers":{"Results":[],"Collected":false,"FailureReason":null},"Status":null,"Aces":[{"PrincipalSID":"S-1-5-21-1786406921-1914792807-2072761762-512","PrincipalType":"Group","RightName":"Owns","IsInherited":false},{"PrincipalSID":"ACUTE.LOCAL-S-1-5-32-548","PrincipalType":"Group","RightName":"GenericAll","IsInherited":false},{"PrincipalSID":"S-1-5-21-1786406921-1914792807-2072761762-512","PrincipalType":"Group","RightName":"GenericAll","IsInherited":false},{"PrincipalSID":"S-1-5-21-1786406921-1914792807-2072761762-526","PrincipalType":"Group","RightName":"AddKeyCredentialLink","IsInherited":true},{"PrincipalSID":"S-1-5-21-1786406921-1914792807-2072761762-527","PrincipalType":"Group","RightName":"AddKeyCredentialLink","IsInherited":true},{"PrincipalSID":"S-1-5-21-1786406921-1914792807-2072761762-519","PrincipalType":"Group","RightName":"GenericAll","IsInherited":true},{"PrincipalSID":"ACUTE.LOCAL-S-1-5-32-544","PrincipalType":"Group","RightName":"WriteDacl","IsInherited":true},{"PrincipalSID":"ACUTE.LOCAL-S-1-5-32-544","PrincipalType":"Group","RightName":"WriteOwner","IsInherited":true},{"PrincipalSID":"ACUTE.LOCAL-S-1-5-32-544","PrincipalType":"Group","RightName":"GenericWrite","IsInherited":true}],"ObjectIdentifier":"S-1-5-21-1786406921-1914792807-2072761762-1103","IsDeleted":false,"IsACLProtected":false},{"Properties":{"domain":"ACUTE.LOCAL","name":"ACUTE-PC01.ACUTE.LOCAL","distinguishedname":"CN=ACUTE-PC01,CN=COMPUTERS,DC=ACUTE,DC=LOCAL","domainsid":"S-1-5-21-1786406921-1914792807-2072761762","highvalue":false,"samaccountname":"ACUTE-PC01$","haslaps":false,"description":null,"whencreated":1640090500,"enabled":true,"unconstraineddelegation":false,"trustedtoauth":false,"lastlogon":1664302662,"lastlogontimestamp":1664290367,"pwdlastset":1664290367,"serviceprincipalnames":["WSMAN/Acute-PC01","WSMAN/Acute-PC01.acute.local","TERMSRV/ACUTE-PC01","TERMSRV/Acute-PC01.acute.local","RestrictedKrbHost/ACUTE-PC01","HOST/ACUTE-PC01","RestrictedKrbHost/Acute-PC01.acute.local","HOST/Acute-PC01.acute.local"],"operatingsystem":"Windows 10 Education","sidhistory":[]},"PrimaryGroupSID":"S-1-5-21-1786406921-1914792807-2072761762-515","AllowedToDelegate":[],"AllowedToAct":[],"HasSIDHistory":[],"Sessions":{"Results":[],"Collected":true,"FailureReason":null},"PrivilegedSessions":{"Results":[{"UserSID":"S-1-5-21-1786406921-1914792807-2072761762-1106","ComputerSID":"S-1-5-21-1786406921-1914792807-2072761762-1110"}],"Collected":true,"FailureReason":null},"RegistrySessions":{"Results":[],"Collected":false,"FailureReason":"The network path was not found.\r\n"},"LocalAdmins":{"Results":[{"ObjectIdentifier":"S-1-5-21-1786406921-1914792807-2072761762-512","ObjectType":"Group"},{"ObjectIdentifier":"S-1-5-21-1786406921-1914792807-2072761762-1108","ObjectType":"User"}],"Collected":true,"FailureReason":null},"RemoteDesktopUsers":{"Results":[],"Collected":true,"FailureReason":null},"DcomUsers":{"Results":[],"Collected":true,"FailureReason":null},"PSRemoteUsers":{"Results":[{"ObjectIdentifier":"S-1-5-21-1786406921-1914792807-2072761762-1106","ObjectType":"User"}],"Collected":true,"FailureReason":null},"Status":null,"Aces":[{"PrincipalSID":"S-1-5-21-1786406921-1914792807-2072761762-512","PrincipalType":"Group","RightName":"Owns","IsInherited":false},{"PrincipalSID":"ACUTE.LOCAL-S-1-5-32-548","PrincipalType":"Group","RightName":"GenericAll","IsInherited":false},{"PrincipalSID":"S-1-5-21-1786406921-1914792807-2072761762-512","PrincipalType":"Group","RightName":"GenericAll","IsInherited":false},{"PrincipalSID":"S-1-5-21-1786406921-1914792807-2072761762-526","PrincipalType":"Group","RightName":"AddKeyCredentialLink","IsInherited":true},{"PrincipalSID":"S-1-5-21-1786406921-1914792807-2072761762-527","PrincipalType":"Group","RightName":"AddKeyCredentialLink","IsInherited":true},{"PrincipalSID":"S-1-5-21-1786406921-1914792807-2072761762-519","PrincipalType":"Group","RightName":"GenericAll","IsInherited":true},{"PrincipalSID":"ACUTE.LOCAL-S-1-5-32-544","PrincipalType":"Group","RightName":"WriteDacl","IsInherited":true},{"PrincipalSID":"ACUTE.LOCAL-S-1-5-32-544","PrincipalType":"Group","RightName":"WriteOwner","IsInherited":true},{"PrincipalSID":"ACUTE.LOCAL-S-1-5-32-544","PrincipalType":"Group","RightName":"GenericWrite","IsInherited":true}],"ObjectIdentifier":"S-1-5-21-1786406921-1914792807-2072761762-1110","IsDeleted":false,"IsACLProtected":false},{"Properties":{"domain":"ACUTE.LOCAL","name":"ATSSERVER.ACUTE.LOCAL","distinguishedname":"CN=ATSSERVER,OU=DOMAIN CONTROLLERS,DC=ACUTE,DC=LOCAL","domainsid":"S-1-5-21-1786406921-1914792807-2072761762","highvalue":false,"samaccountname":"ATSSERVER$","haslaps":false,"description":null,"whencreated":1640035852,"enabled":true,"unconstraineddelegation":true,"trustedtoauth":false,"lastlogon":1664290312,"lastlogontimestamp":1664290241,"pwdlastset":1664290230,"serviceprincipalnames":["Hyper-V Replica Service/ATSSERVER","Hyper-V Replica Service/ATSSERVER.acute.local","Microsoft Virtual System Migration Service/ATSSERVER","Microsoft Virtual System Migration Service/ATSSERVER.acute.local","Microsoft Virtual Console Service/ATSSERVER","Microsoft Virtual Console Service/ATSSERVER.acute.local","Dfsr-12F9A27C-BF97-4787-9364-D31B6C55EB04/ATSSERVER.acute.local","ldap/ATSSERVER.acute.local/ForestDnsZones.acute.local","ldap/ATSSERVER.acute.local/DomainDnsZones.acute.local","DNS/ATSSERVER.acute.local","GC/ATSSERVER.acute.local/acute.local","RestrictedKrbHost/ATSSERVER.acute.local","RestrictedKrbHost/ATSSERVER","RPC/5c9889c0-f044-459f-ad56-61c58d2c4cde._msdcs.acute.local","HOST/ATSSERVER/ACUTE","HOST/ATSSERVER.acute.local/ACUTE","HOST/ATSSERVER","HOST/ATSSERVER.acute.local","HOST/ATSSERVER.acute.local/acute.local","E3514235-4B06-11D1-AB04-00C04FC2DCD2/5c9889c0-f044-459f-ad56-61c58d2c4cde/acute.local","ldap/ATSSERVER/ACUTE","ldap/5c9889c0-f044-459f-ad56-61c58d2c4cde._msdcs.acute.local","ldap/ATSSERVER.acute.local/ACUTE","ldap/ATSSERVER","ldap/ATSSERVER.acute.local","ldap/ATSSERVER.acute.local/acute.local"],"operatingsystem":"Windows Server 2019 Datacenter","sidhistory":[]},"PrimaryGroupSID":"S-1-5-21-1786406921-1914792807-2072761762-516","AllowedToDelegate":[],"AllowedToAct":[],"HasSIDHistory":[],"Sessions":{"Results":[],"Collected":false,"FailureReason":"ERROR_ACCESS_DENIED"},"PrivilegedSessions":{"Results":[],"Collected":false,"FailureReason":"ERROR_ACCESS_DENIED"},"RegistrySessions":{"Results":[],"Collected":true,"FailureReason":null},"LocalAdmins":{"Results":[{"ObjectIdentifier":"S-1-5-21-1786406921-1914792807-2072761762-500","ObjectType":"User"},{"ObjectIdentifier":"S-1-5-21-1786406921-1914792807-2072761762-519","ObjectType":"Group"},{"ObjectIdentifier":"S-1-5-21-1786406921-1914792807-2072761762-512","ObjectType":"Group"}],"Collected":true,"FailureReason":null},"RemoteDesktopUsers":{"Results":[],"Collected":true,"FailureReason":null},"DcomUsers":{"Results":[],"Collected":true,"FailureReason":null},"PSRemoteUsers":{"Results":[],"Collected":true,"FailureReason":null},"Status":null,"Aces":[{"PrincipalSID":"S-1-5-21-1786406921-1914792807-2072761762-512","PrincipalType":"Group","RightName":"Owns","IsInherited":false},{"PrincipalSID":"S-1-5-21-1786406921-1914792807-2072761762-512","PrincipalType":"Group","RightName":"GenericAll","IsInherited":false},{"PrincipalSID":"S-1-5-21-1786406921-1914792807-2072761762-526","PrincipalType":"Group","RightName":"AddKeyCredentialLink","IsInherited":true},{"PrincipalSID":"S-1-5-21-1786406921-1914792807-2072761762-527","PrincipalType":"Group","RightName":"AddKeyCredentialLink","IsInherited":true},{"PrincipalSID":"S-1-5-21-1786406921-1914792807-2072761762-519","PrincipalType":"Group","RightName":"GenericAll","IsInherited":true},{"PrincipalSID":"ACUTE.LOCAL-S-1-5-32-544","PrincipalType":"Group","RightName":"WriteDacl","IsInherited":true},{"PrincipalSID":"ACUTE.LOCAL-S-1-5-32-544","PrincipalType":"Group","RightName":"WriteOwner","IsInherited":true},{"PrincipalSID":"ACUTE.LOCAL-S-1-5-32-544","PrincipalType":"Group","RightName":"GenericWrite","IsInherited":true}],"ObjectIdentifier":"S-1-5-21-1786406921-1914792807-2072761762-1000","IsDeleted":false,"IsACLProtected":false}],"meta":{"methods":29695,"type":"computers","count":3,"version":5}}