﻿{"data":[{"Properties":{"domain":"ACUTE.LOCAL","name":"ADMINISTRATOR@ACUTE.LOCAL","distinguishedname":"CN=ADMINISTRATOR,CN=USERS,DC=ACUTE,DC=LOCAL","domainsid":"S-1-5-21-1786406921-1914792807-2072761762","highvalue":false,"samaccountname":"Administrator","description":"Built-in account for administering the computer/domain, SITE_ADMIN's ONLY","whencreated":1640035788,"sensitive":false,"dontreqpreauth":false,"passwordnotreqd":false,"unconstraineddelegation":false,"pwdneverexpires":true,"enabled":true,"trustedtoauth":false,"lastlogon":1664302919,"lastlogontimestamp":1664290243,"pwdlastset":1643715454,"serviceprincipalnames":[],"hasspn":false,"displayname":null,"email":null,"title":null,"homedirectory":null,"userpassword":null,"unixpassword":null,"unicodepassword":null,"sfupassword":null,"logonscript":null,"admincount":true,"sidhistory":[]},"AllowedToDelegate":[],"PrimaryGroupSID":"S-1-5-21-1786406921-1914792807-2072761762-513","HasSIDHistory":[],"SPNTargets":[],"Aces":[{"PrincipalSID":"S-1-5-21-1786406921-1914792807-2072761762-512","PrincipalType":"Group","RightName":"Owns","IsInherited":false},{"PrincipalSID":"ACUTE.LOCAL-S-1-5-32-544","PrincipalType":"Group","RightName":"WriteDacl","IsInherited":false},{"PrincipalSID":"ACUTE.LOCAL-S-1-5-32-544","PrincipalType":"Group","RightName":"WriteOwner","IsInherited":false},{"PrincipalSID":"ACUTE.LOCAL-S-1-5-32-544","PrincipalType":"Group","RightName":"AllExtendedRights","IsInherited":false},{"PrincipalSID":"ACUTE.LOCAL-S-1-5-32-544","PrincipalType":"Group","RightName":"GenericWrite","IsInherited":false},{"PrincipalSID":"S-1-5-21-1786406921-1914792807-2072761762-512","PrincipalType":"Group","RightName":"WriteDacl","IsInherited":false},{"PrincipalSID":"S-1-5-21-1786406921-1914792807-2072761762-512","PrincipalType":"Group","RightName":"WriteOwner","IsInherited":false},{"PrincipalSID":"S-1-5-21-1786406921-1914792807-2072761762-512","PrincipalType":"Group","RightName":"AllExtendedRights","IsInherited":false},{"PrincipalSID":"S-1-5-21-1786406921-1914792807-2072761762-512","PrincipalType":"Group","RightName":"GenericWrite","IsInherited":false},{"PrincipalSID":"S-1-5-21-1786406921-1914792807-2072761762-519","PrincipalType":"Group","RightName":"WriteDacl","IsInherited":false},{"PrincipalSID":"S-1-5-21-1786406921-1914792807-2072761762-519","PrincipalType":"Group","RightName":"WriteOwner","IsInherited":false},{"PrincipalSID":"S-1-5-21-1786406921-1914792807-2072761762-519","PrincipalType":"Group","RightName":"AllExtendedRights","IsInherited":false},{"PrincipalSID":"S-1-5-21-1786406921-1914792807-2072761762-519","PrincipalType":"Group","RightName":"GenericWrite","IsInherited":false}],"ObjectIdentifier":"S-1-5-21-1786406921-1914792807-2072761762-500","IsDeleted":false,"IsACLProtected":true},{"Properties":{"domain":"ACUTE.LOCAL","name":"KRBTGT@ACUTE.LOCAL","distinguishedname":"CN=KRBTGT,CN=USERS,DC=ACUTE,DC=LOCAL","domainsid":"S-1-5-21-1786406921-1914792807-2072761762","highvalue":false,"samaccountname":"krbtgt","description":"Key Distribution Center Service Account","whencreated":1640035852,"sensitive":false,"dontreqpreauth":false,"passwordnotreqd":false,"unconstraineddelegation":false,"pwdneverexpires":false,"enabled":false,"trustedtoauth":false,"lastlogon":0,"lastlogontimestamp":-1,"pwdlastset":1640035852,"serviceprincipalnames":["kadmin/changepw"],"hasspn":true,"displayname":null,"email":null,"title":null,"homedirectory":null,"userpassword":null,"unixpassword":null,"unicodepassword":null,"sfupassword":null,"logonscript":null,"admincount":true,"sidhistory":[]},"AllowedToDelegate":[],"PrimaryGroupSID":"S-1-5-21-1786406921-1914792807-2072761762-513","HasSIDHistory":[],"SPNTargets":[],"Aces":[{"PrincipalSID":"S-1-5-21-1786406921-1914792807-2072761762-512","PrincipalType":"Group","RightName":"Owns","IsInherited":false},{"PrincipalSID":"ACUTE.LOCAL-S-1-5-32-544","PrincipalType":"Group","RightName":"WriteDacl","IsInherited":false},{"PrincipalSID":"ACUTE.LOCAL-S-1-5-32-544","PrincipalType":"Group","RightName":"WriteOwner","IsInherited":false},{"PrincipalSID":"ACUTE.LOCAL-S-1-5-32-544","PrincipalType":"Group","RightName":"AllExtendedRights","IsInherited":false},{"PrincipalSID":"ACUTE.LOCAL-S-1-5-32-544","PrincipalType":"Group","RightName":"GenericWrite","IsInherited":false},{"PrincipalSID":"S-1-5-21-1786406921-1914792807-2072761762-512","PrincipalType":"Group","RightName":"WriteDacl","IsInherited":false},{"PrincipalSID":"S-1-5-21-1786406921-1914792807-2072761762-512","PrincipalType":"Group","RightName":"WriteOwner","IsInherited":false},{"PrincipalSID":"S-1-5-21-1786406921-1914792807-2072761762-512","PrincipalType":"Group","RightName":"AllExtendedRights","IsInherited":false},{"PrincipalSID":"S-1-5-21-1786406921-1914792807-2072761762-512","PrincipalType":"Group","RightName":"GenericWrite","IsInherited":false},{"PrincipalSID":"S-1-5-21-1786406921-1914792807-2072761762-519","PrincipalType":"Group","RightName":"WriteDacl","IsInherited":false},{"PrincipalSID":"S-1-5-21-1786406921-1914792807-2072761762-519","PrincipalType":"Group","RightName":"WriteOwner","IsInherited":false},{"PrincipalSID":"S-1-5-21-1786406921-1914792807-2072761762-519","PrincipalType":"Group","RightName":"AllExtendedRights","IsInherited":false},{"PrincipalSID":"S-1-5-21-1786406921-1914792807-2072761762-519","PrincipalType":"Group","RightName":"GenericWrite","IsInherited":false}],"ObjectIdentifier":"S-1-5-21-1786406921-1914792807-2072761762-502","IsDeleted":false,"IsACLProtected":true},{"Properties":{"domain":"ACUTE.LOCAL","name":"LHOPKINS@ACUTE.LOCAL","distinguishedname":"CN=LOIS HOPKINS,OU=CHESTER,OU=SITES,DC=ACUTE,DC=LOCAL","domainsid":"S-1-5-21-1786406921-1914792807-2072761762","highvalue":false,"samaccountname":"lhopkins","description":null,"whencreated":1640043580,"sensitive":false,"dontreqpreauth":false,"passwordnotreqd":false,"unconstraineddelegation":false,"pwdneverexpires":true,"enabled":true,"trustedtoauth":false,"lastlogon":1664302842,"lastlogontimestamp":1664290241,"pwdlastset":1640098313,"serviceprincipalnames":[],"hasspn":false,"displayname":"Lois Hopkins","email":null,"title":null,"homedirectory":null,"userpassword":null,"unixpassword":null,"unicodepassword":null,"sfupassword":null,"logonscript":null,"admincount":false,"sidhistory":[]},"AllowedToDelegate":[],"PrimaryGroupSID":"S-1-5-21-1786406921-1914792807-2072761762-513","HasSIDHistory":[],"SPNTargets":[],"Aces":[{"PrincipalSID":"S-1-5-21-1786406921-1914792807-2072761762-512","PrincipalType":"Group","RightName":"Owns","IsInherited":false},{"PrincipalSID":"ACUTE.LOCAL-S-1-5-32-548","PrincipalType":"Group","RightName":"GenericAll","IsInherited":false},{"PrincipalSID":"S-1-5-21-1786406921-1914792807-2072761762-512","PrincipalType":"Group","RightName":"GenericAll","IsInherited":false},{"PrincipalSID":"S-1-5-21-1786406921-1914792807-2072761762-526","PrincipalType":"Group","RightName":"AddKeyCredentialLink","IsInherited":true},{"PrincipalSID":"S-1-5-21-1786406921-1914792807-2072761762-527","PrincipalType":"Group","RightName":"AddKeyCredentialLink","IsInherited":true},{"PrincipalSID":"S-1-5-21-1786406921-1914792807-2072761762-519","PrincipalType":"Group","RightName":"GenericAll","IsInherited":true},{"PrincipalSID":"ACUTE.LOCAL-S-1-5-32-544","PrincipalType":"Group","RightName":"WriteDacl","IsInherited":true},{"PrincipalSID":"ACUTE.LOCAL-S-1-5-32-544","PrincipalType":"Group","RightName":"WriteOwner","IsInherited":true},{"PrincipalSID":"ACUTE.LOCAL-S-1-5-32-544","PrincipalType":"Group","RightName":"AllExtendedRights","IsInherited":true},{"PrincipalSID":"ACUTE.LOCAL-S-1-5-32-544","PrincipalType":"Group","RightName":"GenericWrite","IsInherited":true}],"ObjectIdentifier":"S-1-5-21-1786406921-1914792807-2072761762-1109","IsDeleted":false,"IsACLProtected":false},{"Properties":{"domain":"ACUTE.LOCAL","name":"GUEST@ACUTE.LOCAL","distinguishedname":"CN=GUEST,CN=USERS,DC=ACUTE,DC=LOCAL","domainsid":"S-1-5-21-1786406921-1914792807-2072761762","highvalue":false,"samaccountname":"Guest","description":"Built-in account for guest access to the computer/domain","whencreated":1640035788,"sensitive":false,"dontreqpreauth":false,"passwordnotreqd":true,"unconstraineddelegation":false,"pwdneverexpires":true,"enabled":false,"trustedtoauth":false,"lastlogon":0,"lastlogontimestamp":-1,"pwdlastset":0,"serviceprincipalnames":[],"hasspn":false,"displayname":null,"email":null,"title":null,"homedirectory":null,"userpassword":null,"unixpassword":null,"unicodepassword":null,"sfupassword":null,"logonscript":null,"admincount":false,"sidhistory":[]},"AllowedToDelegate":[],"PrimaryGroupSID":"S-1-5-21-1786406921-1914792807-2072761762-514","HasSIDHistory":[],"SPNTargets":[],"Aces":[{"PrincipalSID":"ACUTE.LOCAL-S-1-5-32-544","PrincipalType":"Group","RightName":"Owns","IsInherited":false},{"PrincipalSID":"ACUTE.LOCAL-S-1-5-32-548","PrincipalType":"Group","RightName":"GenericAll","IsInherited":false},{"PrincipalSID":"S-1-5-21-1786406921-1914792807-2072761762-512","PrincipalType":"Group","RightName":"GenericAll","IsInherited":false},{"PrincipalSID":"S-1-5-21-1786406921-1914792807-2072761762-526","PrincipalType":"Group","RightName":"AddKeyCredentialLink","IsInherited":true},{"PrincipalSID":"S-1-5-21-1786406921-1914792807-2072761762-527","PrincipalType":"Group","RightName":"AddKeyCredentialLink","IsInherited":true},{"PrincipalSID":"S-1-5-21-1786406921-1914792807-2072761762-519","PrincipalType":"Group","RightName":"GenericAll","IsInherited":true},{"PrincipalSID":"ACUTE.LOCAL-S-1-5-32-544","PrincipalType":"Group","RightName":"WriteDacl","IsInherited":true},{"PrincipalSID":"ACUTE.LOCAL-S-1-5-32-544","PrincipalType":"Group","RightName":"WriteOwner","IsInherited":true},{"PrincipalSID":"ACUTE.LOCAL-S-1-5-32-544","PrincipalType":"Group","RightName":"AllExtendedRights","IsInherited":true},{"PrincipalSID":"ACUTE.LOCAL-S-1-5-32-544","PrincipalType":"Group","RightName":"GenericWrite","IsInherited":true}],"ObjectIdentifier":"S-1-5-21-1786406921-1914792807-2072761762-501","IsDeleted":false,"IsACLProtected":false},{"Properties":{"domain":"ACUTE.LOCAL","name":"JMORGAN@ACUTE.LOCAL","distinguishedname":"CN=JOSHUA MORGAN,OU=CARDIFF,OU=SITES,DC=ACUTE,DC=LOCAL","domainsid":"S-1-5-21-1786406921-1914792807-2072761762","highvalue":false,"samaccountname":"jmorgan","description":null,"whencreated":1640043553,"sensitive":true,"dontreqpreauth":false,"passwordnotreqd":false,"unconstraineddelegation":false,"pwdneverexpires":true,"enabled":true,"trustedtoauth":false,"lastlogon":1664297823,"lastlogontimestamp":1664296575,"pwdlastset":1640126917,"serviceprincipalnames":[],"hasspn":false,"displayname":"Joshua Morgan","email":null,"title":null,"homedirectory":null,"userpassword":null,"unixpassword":null,"unicodepassword":null,"sfupassword":null,"logonscript":null,"admincount":false,"sidhistory":[]},"AllowedToDelegate":[],"PrimaryGroupSID":"S-1-5-21-1786406921-1914792807-2072761762-513","HasSIDHistory":[],"SPNTargets":[],"Aces":[{"PrincipalSID":"S-1-5-21-1786406921-1914792807-2072761762-512","PrincipalType":"Group","RightName":"Owns","IsInherited":false},{"PrincipalSID":"ACUTE.LOCAL-S-1-5-32-548","PrincipalType":"Group","RightName":"GenericAll","IsInherited":false},{"PrincipalSID":"S-1-5-21-1786406921-1914792807-2072761762-512","PrincipalType":"Group","RightName":"GenericAll","IsInherited":false},{"PrincipalSID":"S-1-5-21-1786406921-1914792807-2072761762-526","PrincipalType":"Group","RightName":"AddKeyCredentialLink","IsInherited":true},{"PrincipalSID":"S-1-5-21-1786406921-1914792807-2072761762-527","PrincipalType":"Group","RightName":"AddKeyCredentialLink","IsInherited":true},{"PrincipalSID":"S-1-5-21-1786406921-1914792807-2072761762-519","PrincipalType":"Group","RightName":"GenericAll","IsInherited":true},{"PrincipalSID":"ACUTE.LOCAL-S-1-5-32-544","PrincipalType":"Group","RightName":"WriteDacl","IsInherited":true},{"PrincipalSID":"ACUTE.LOCAL-S-1-5-32-544","PrincipalType":"Group","RightName":"WriteOwner","IsInherited":true},{"PrincipalSID":"ACUTE.LOCAL-S-1-5-32-544","PrincipalType":"Group","RightName":"AllExtendedRights","IsInherited":true},{"PrincipalSID":"ACUTE.LOCAL-S-1-5-32-544","PrincipalType":"Group","RightName":"GenericWrite","IsInherited":true}],"ObjectIdentifier":"S-1-5-21-1786406921-1914792807-2072761762-1108","IsDeleted":false,"IsACLProtected":false},{"Properties":{"domain":"ACUTE.LOCAL","name":"EDAVIES@ACUTE.LOCAL","distinguishedname":"CN=EVAN DAVIES,OU=NEWPORT,OU=SITES,DC=ACUTE,DC=LOCAL","domainsid":"S-1-5-21-1786406921-1914792807-2072761762","highvalue":false,"samaccountname":"edavies","description":null,"whencreated":1640043499,"sensitive":false,"dontreqpreauth":false,"passwordnotreqd":false,"unconstraineddelegation":false,"pwdneverexpires":true,"enabled":true,"trustedtoauth":false,"lastlogon":1664291606,"lastlogontimestamp":1664290384,"pwdlastset":1640098208,"serviceprincipalnames":[],"hasspn":false,"displayname":"Evan Davies","email":null,"title":null,"homedirectory":null,"userpassword":null,"unixpassword":null,"unicodepassword":null,"sfupassword":null,"logonscript":null,"admincount":false,"sidhistory":[]},"AllowedToDelegate":[],"PrimaryGroupSID":"S-1-5-21-1786406921-1914792807-2072761762-513","HasSIDHistory":[],"SPNTargets":[],"Aces":[{"PrincipalSID":"S-1-5-21-1786406921-1914792807-2072761762-512","PrincipalType":"Group","RightName":"Owns","IsInherited":false},{"PrincipalSID":"ACUTE.LOCAL-S-1-5-32-548","PrincipalType":"Group","RightName":"GenericAll","IsInherited":false},{"PrincipalSID":"S-1-5-21-1786406921-1914792807-2072761762-512","PrincipalType":"Group","RightName":"GenericAll","IsInherited":false},{"PrincipalSID":"S-1-5-21-1786406921-1914792807-2072761762-526","PrincipalType":"Group","RightName":"AddKeyCredentialLink","IsInherited":true},{"PrincipalSID":"S-1-5-21-1786406921-1914792807-2072761762-527","PrincipalType":"Group","RightName":"AddKeyCredentialLink","IsInherited":true},{"PrincipalSID":"S-1-5-21-1786406921-1914792807-2072761762-519","PrincipalType":"Group","RightName":"GenericAll","IsInherited":true},{"PrincipalSID":"ACUTE.LOCAL-S-1-5-32-544","PrincipalType":"Group","RightName":"WriteDacl","IsInherited":true},{"PrincipalSID":"ACUTE.LOCAL-S-1-5-32-544","PrincipalType":"Group","RightName":"WriteOwner","IsInherited":true},{"PrincipalSID":"ACUTE.LOCAL-S-1-5-32-544","PrincipalType":"Group","RightName":"AllExtendedRights","IsInherited":true},{"PrincipalSID":"ACUTE.LOCAL-S-1-5-32-544","PrincipalType":"Group","RightName":"GenericWrite","IsInherited":true}],"ObjectIdentifier":"S-1-5-21-1786406921-1914792807-2072761762-1106","IsDeleted":false,"IsACLProtected":false},{"Properties":{"domain":"ACUTE.LOCAL","name":"AWALLACE@ACUTE.LOCAL","distinguishedname":"CN=AILEEN WALLACE,OU=CARDIFF,OU=SITES,DC=ACUTE,DC=LOCAL","domainsid":"S-1-5-21-1786406921-1914792807-2072761762","highvalue":false,"samaccountname":"awallace","description":null,"whencreated":1640043438,"sensitive":true,"dontreqpreauth":false,"passwordnotreqd":false,"unconstraineddelegation":false,"pwdneverexpires":true,"enabled":true,"trustedtoauth":false,"lastlogon":1640250929,"lastlogontimestamp":1640112652,"pwdlastset":1640098236,"serviceprincipalnames":[],"hasspn":false,"displayname":"Aileen Wallace","email":null,"title":null,"homedirectory":null,"userpassword":null,"unixpassword":null,"unicodepassword":null,"sfupassword":null,"logonscript":null,"admincount":false,"sidhistory":[]},"AllowedToDelegate":[],"PrimaryGroupSID":"S-1-5-21-1786406921-1914792807-2072761762-513","HasSIDHistory":[],"SPNTargets":[],"Aces":[{"PrincipalSID":"S-1-5-21-1786406921-1914792807-2072761762-512","PrincipalType":"Group","RightName":"Owns","IsInherited":false},{"PrincipalSID":"ACUTE.LOCAL-S-1-5-32-548","PrincipalType":"Group","RightName":"GenericAll","IsInherited":false},{"PrincipalSID":"S-1-5-21-1786406921-1914792807-2072761762-512","PrincipalType":"Group","RightName":"GenericAll","IsInherited":false},{"PrincipalSID":"S-1-5-21-1786406921-1914792807-2072761762-526","PrincipalType":"Group","RightName":"AddKeyCredentialLink","IsInherited":true},{"PrincipalSID":"S-1-5-21-1786406921-1914792807-2072761762-527","PrincipalType":"Group","RightName":"AddKeyCredentialLink","IsInherited":true},{"PrincipalSID":"S-1-5-21-1786406921-1914792807-2072761762-519","PrincipalType":"Group","RightName":"GenericAll","IsInherited":true},{"PrincipalSID":"ACUTE.LOCAL-S-1-5-32-544","PrincipalType":"Group","RightName":"WriteDacl","IsInherited":true},{"PrincipalSID":"ACUTE.LOCAL-S-1-5-32-544","PrincipalType":"Group","RightName":"WriteOwner","IsInherited":true},{"PrincipalSID":"ACUTE.LOCAL-S-1-5-32-544","PrincipalType":"Group","RightName":"AllExtendedRights","IsInherited":true},{"PrincipalSID":"ACUTE.LOCAL-S-1-5-32-544","PrincipalType":"Group","RightName":"GenericWrite","IsInherited":true}],"ObjectIdentifier":"S-1-5-21-1786406921-1914792807-2072761762-1104","IsDeleted":false,"IsACLProtected":false},{"Properties":{"domain":"ACUTE.LOCAL","name":"IMONKS@ACUTE.LOCAL","distinguishedname":"CN=IEUAN MONKS,OU=SKIPTON,OU=SITES,DC=ACUTE,DC=LOCAL","domainsid":"S-1-5-21-1786406921-1914792807-2072761762","highvalue":false,"samaccountname":"imonks","description":null,"whencreated":1640043526,"sensitive":false,"dontreqpreauth":false,"passwordnotreqd":false,"unconstraineddelegation":false,"pwdneverexpires":true,"enabled":true,"trustedtoauth":false,"lastlogon":1664302918,"lastlogontimestamp":1664290486,"pwdlastset":1640098291,"serviceprincipalnames":[],"hasspn":false,"displayname":"Ieuan Monks","email":null,"title":null,"homedirectory":null,"userpassword":null,"unixpassword":null,"unicodepassword":null,"sfupassword":null,"logonscript":null,"admincount":false,"sidhistory":[]},"AllowedToDelegate":[],"PrimaryGroupSID":"S-1-5-21-1786406921-1914792807-2072761762-513","HasSIDHistory":[],"SPNTargets":[],"Aces":[{"PrincipalSID":"S-1-5-21-1786406921-1914792807-2072761762-512","PrincipalType":"Group","RightName":"Owns","IsInherited":false},{"PrincipalSID":"ACUTE.LOCAL-S-1-5-32-548","PrincipalType":"Group","RightName":"GenericAll","IsInherited":false},{"PrincipalSID":"S-1-5-21-1786406921-1914792807-2072761762-512","PrincipalType":"Group","RightName":"GenericAll","IsInherited":false},{"PrincipalSID":"S-1-5-21-1786406921-1914792807-2072761762-526","PrincipalType":"Group","RightName":"AddKeyCredentialLink","IsInherited":true},{"PrincipalSID":"S-1-5-21-1786406921-1914792807-2072761762-527","PrincipalType":"Group","RightName":"AddKeyCredentialLink","IsInherited":true},{"PrincipalSID":"S-1-5-21-1786406921-1914792807-2072761762-519","PrincipalType":"Group","RightName":"GenericAll","IsInherited":true},{"PrincipalSID":"ACUTE.LOCAL-S-1-5-32-544","PrincipalType":"Group","RightName":"WriteDacl","IsInherited":true},{"PrincipalSID":"ACUTE.LOCAL-S-1-5-32-544","PrincipalType":"Group","RightName":"WriteOwner","IsInherited":true},{"PrincipalSID":"ACUTE.LOCAL-S-1-5-32-544","PrincipalType":"Group","RightName":"AllExtendedRights","IsInherited":true},{"PrincipalSID":"ACUTE.LOCAL-S-1-5-32-544","PrincipalType":"Group","RightName":"GenericWrite","IsInherited":true}],"ObjectIdentifier":"S-1-5-21-1786406921-1914792807-2072761762-1107","IsDeleted":false,"IsACLProtected":false},{"Properties":{"domain":"ACUTE.LOCAL","name":"CHALL@ACUTE.LOCAL","distinguishedname":"CN=CHARLOTTE HALL,OU=CHESTER,OU=SITES,DC=ACUTE,DC=LOCAL","domainsid":"S-1-5-21-1786406921-1914792807-2072761762","highvalue":false,"samaccountname":"chall","description":null,"whencreated":1640043472,"sensitive":true,"dontreqpreauth":false,"passwordnotreqd":false,"unconstraineddelegation":false,"pwdneverexpires":true,"enabled":true,"trustedtoauth":false,"lastlogon":0,"lastlogontimestamp":1664291517,"pwdlastset":1640043472,"serviceprincipalnames":[],"hasspn":false,"displayname":"Charlotte Hall","email":null,"title":null,"homedirectory":null,"userpassword":null,"unixpassword":null,"unicodepassword":null,"sfupassword":null,"logonscript":null,"admincount":false,"sidhistory":[]},"AllowedToDelegate":[],"PrimaryGroupSID":"S-1-5-21-1786406921-1914792807-2072761762-513","HasSIDHistory":[],"SPNTargets":[],"Aces":[{"PrincipalSID":"S-1-5-21-1786406921-1914792807-2072761762-512","PrincipalType":"Group","RightName":"Owns","IsInherited":false},{"PrincipalSID":"ACUTE.LOCAL-S-1-5-32-548","PrincipalType":"Group","RightName":"GenericAll","IsInherited":false},{"PrincipalSID":"S-1-5-21-1786406921-1914792807-2072761762-512","PrincipalType":"Group","RightName":"GenericAll","IsInherited":false},{"PrincipalSID":"S-1-5-21-1786406921-1914792807-2072761762-526","PrincipalType":"Group","RightName":"AddKeyCredentialLink","IsInherited":true},{"PrincipalSID":"S-1-5-21-1786406921-1914792807-2072761762-527","PrincipalType":"Group","RightName":"AddKeyCredentialLink","IsInherited":true},{"PrincipalSID":"S-1-5-21-1786406921-1914792807-2072761762-519","PrincipalType":"Group","RightName":"GenericAll","IsInherited":true},{"PrincipalSID":"ACUTE.LOCAL-S-1-5-32-544","PrincipalType":"Group","RightName":"WriteDacl","IsInherited":true},{"PrincipalSID":"ACUTE.LOCAL-S-1-5-32-544","PrincipalType":"Group","RightName":"WriteOwner","IsInherited":true},{"PrincipalSID":"ACUTE.LOCAL-S-1-5-32-544","PrincipalType":"Group","RightName":"AllExtendedRights","IsInherited":true},{"PrincipalSID":"ACUTE.LOCAL-S-1-5-32-544","PrincipalType":"Group","RightName":"GenericWrite","IsInherited":true}],"ObjectIdentifier":"S-1-5-21-1786406921-1914792807-2072761762-1105","IsDeleted":false,"IsACLProtected":false},{"Properties":{"name":"NT AUTHORITY@ACUTE.LOCAL","domainsid":"S-1-5-21-1786406921-1914792807-2072761762","domain":"ACUTE.LOCAL"},"AllowedToDelegate":[],"PrimaryGroupSID":null,"HasSIDHistory":[],"SPNTargets":[],"Aces":[],"ObjectIdentifier":"ACUTE.LOCAL-S-1-5-20","IsDeleted":false,"IsACLProtected":false}],"meta":{"methods":29695,"type":"users","count":10,"version":5}}