﻿{"data":[{"GPOChanges":{"LocalAdmins":[],"RemoteDesktopUsers":[],"DcomUsers":[],"PSRemoteUsers":[],"AffectedComputers":[]},"Properties":{"domain":"ACUTE.LOCAL","name":"CHESTER@ACUTE.LOCAL","distinguishedname":"OU=CHESTER,OU=SITES,DC=ACUTE,DC=LOCAL","domainsid":"S-1-5-21-1786406921-1914792807-2072761762","highvalue":false,"description":null,"whencreated":1640043380,"blocksinheritance":false},"Links":[],"ChildObjects":[{"ObjectIdentifier":"S-1-5-21-1786406921-1914792807-2072761762-1105","ObjectType":"User"},{"ObjectIdentifier":"S-1-5-21-1786406921-1914792807-2072761762-1109","ObjectType":"User"}],"Aces":[{"PrincipalSID":"S-1-5-21-1786406921-1914792807-2072761762-512","PrincipalType":"Group","RightName":"Owns","IsInherited":false},{"PrincipalSID":"S-1-5-21-1786406921-1914792807-2072761762-512","PrincipalType":"Group","RightName":"GenericAll","IsInherited":false},{"PrincipalSID":"S-1-5-21-1786406921-1914792807-2072761762-519","PrincipalType":"Group","RightName":"GenericAll","IsInherited":true},{"PrincipalSID":"ACUTE.LOCAL-S-1-5-32-544","PrincipalType":"Group","RightName":"WriteDacl","IsInherited":true},{"PrincipalSID":"ACUTE.LOCAL-S-1-5-32-544","PrincipalType":"Group","RightName":"WriteOwner","IsInherited":true}],"ObjectIdentifier":"ABDCF510-5AE3-4654-A77E-D647778E9919","IsDeleted":false,"IsACLProtected":false},{"GPOChanges":{"LocalAdmins":[],"RemoteDesktopUsers":[],"DcomUsers":[],"PSRemoteUsers":[],"AffectedComputers":[]},"Properties":{"domain":"ACUTE.LOCAL","name":"SITES@ACUTE.LOCAL","distinguishedname":"OU=SITES,DC=ACUTE,DC=LOCAL","domainsid":"S-1-5-21-1786406921-1914792807-2072761762","highvalue":false,"description":null,"whencreated":1640043336,"blocksinheritance":false},"Links":[],"ChildObjects":[{"ObjectIdentifier":"6B1987E7-7F3A-4A95-94A4-A3D4A9C23DFC","ObjectType":"OU"},{"ObjectIdentifier":"ABDCF510-5AE3-4654-A77E-D647778E9919","ObjectType":"OU"},{"ObjectIdentifier":"S-1-5-21-1786406921-1914792807-2072761762-1111","ObjectType":"Group"},{"ObjectIdentifier":"8DA01701-D74B-47B1-8B94-708DEAE69209","ObjectType":"OU"},{"ObjectIdentifier":"S-1-5-21-1786406921-1914792807-2072761762-2102","ObjectType":"Group"},{"ObjectIdentifier":"407FF4A5-722D-41AF-B304-0790756CDC80","ObjectType":"OU"}],"Aces":[{"PrincipalSID":"S-1-5-21-1786406921-1914792807-2072761762-512","PrincipalType":"Group","RightName":"Owns","IsInherited":false},{"PrincipalSID":"S-1-5-21-1786406921-1914792807-2072761762-512","PrincipalType":"Group","RightName":"GenericAll","IsInherited":false},{"PrincipalSID":"S-1-5-21-1786406921-1914792807-2072761762-519","PrincipalType":"Group","RightName":"GenericAll","IsInherited":true},{"PrincipalSID":"ACUTE.LOCAL-S-1-5-32-544","PrincipalType":"Group","RightName":"WriteDacl","IsInherited":true},{"PrincipalSID":"ACUTE.LOCAL-S-1-5-32-544","PrincipalType":"Group","RightName":"WriteOwner","IsInherited":true}],"ObjectIdentifier":"EEA19768-7F09-4496-BCDB-EC209D84FA5F","IsDeleted":false,"IsACLProtected":false},{"GPOChanges":{"LocalAdmins":[],"RemoteDesktopUsers":[],"DcomUsers":[],"PSRemoteUsers":[],"AffectedComputers":[]},"Properties":{"domain":"ACUTE.LOCAL","name":"NEWPORT@ACUTE.LOCAL","distinguishedname":"OU=NEWPORT,OU=SITES,DC=ACUTE,DC=LOCAL","domainsid":"S-1-5-21-1786406921-1914792807-2072761762","highvalue":false,"description":null,"whencreated":1640043352,"blocksinheritance":false},"Links":[],"ChildObjects":[{"ObjectIdentifier":"S-1-5-21-1786406921-1914792807-2072761762-1106","ObjectType":"User"}],"Aces":[{"PrincipalSID":"S-1-5-21-1786406921-1914792807-2072761762-512","PrincipalType":"Group","RightName":"Owns","IsInherited":false},{"PrincipalSID":"S-1-5-21-1786406921-1914792807-2072761762-512","PrincipalType":"Group","RightName":"GenericAll","IsInherited":false},{"PrincipalSID":"S-1-5-21-1786406921-1914792807-2072761762-519","PrincipalType":"Group","RightName":"GenericAll","IsInherited":true},{"PrincipalSID":"ACUTE.LOCAL-S-1-5-32-544","PrincipalType":"Group","RightName":"WriteDacl","IsInherited":true},{"PrincipalSID":"ACUTE.LOCAL-S-1-5-32-544","PrincipalType":"Group","RightName":"WriteOwner","IsInherited":true}],"ObjectIdentifier":"8DA01701-D74B-47B1-8B94-708DEAE69209","IsDeleted":false,"IsACLProtected":false},{"GPOChanges":{"LocalAdmins":[],"RemoteDesktopUsers":[],"DcomUsers":[],"PSRemoteUsers":[],"AffectedComputers":[]},"Properties":{"domain":"ACUTE.LOCAL","name":"CARDIFF@ACUTE.LOCAL","distinguishedname":"OU=CARDIFF,OU=SITES,DC=ACUTE,DC=LOCAL","domainsid":"S-1-5-21-1786406921-1914792807-2072761762","highvalue":false,"description":null,"whencreated":1640043362,"blocksinheritance":false},"Links":[],"ChildObjects":[{"ObjectIdentifier":"S-1-5-21-1786406921-1914792807-2072761762-1104","ObjectType":"User"},{"ObjectIdentifier":"S-1-5-21-1786406921-1914792807-2072761762-1108","ObjectType":"User"}],"Aces":[{"PrincipalSID":"S-1-5-21-1786406921-1914792807-2072761762-512","PrincipalType":"Group","RightName":"Owns","IsInherited":false},{"PrincipalSID":"S-1-5-21-1786406921-1914792807-2072761762-512","PrincipalType":"Group","RightName":"GenericAll","IsInherited":false},{"PrincipalSID":"S-1-5-21-1786406921-1914792807-2072761762-519","PrincipalType":"Group","RightName":"GenericAll","IsInherited":true},{"PrincipalSID":"ACUTE.LOCAL-S-1-5-32-544","PrincipalType":"Group","RightName":"WriteDacl","IsInherited":true},{"PrincipalSID":"ACUTE.LOCAL-S-1-5-32-544","PrincipalType":"Group","RightName":"WriteOwner","IsInherited":true}],"ObjectIdentifier":"6B1987E7-7F3A-4A95-94A4-A3D4A9C23DFC","IsDeleted":false,"IsACLProtected":false},{"GPOChanges":{"LocalAdmins":[],"RemoteDesktopUsers":[],"DcomUsers":[],"PSRemoteUsers":[],"AffectedComputers":[]},"Properties":{"domain":"ACUTE.LOCAL","name":"SKIPTON@ACUTE.LOCAL","distinguishedname":"OU=SKIPTON,OU=SITES,DC=ACUTE,DC=LOCAL","domainsid":"S-1-5-21-1786406921-1914792807-2072761762","highvalue":false,"description":null,"whencreated":1640043371,"blocksinheritance":false},"Links":[],"ChildObjects":[{"ObjectIdentifier":"S-1-5-21-1786406921-1914792807-2072761762-1107","ObjectType":"User"}],"Aces":[{"PrincipalSID":"S-1-5-21-1786406921-1914792807-2072761762-512","PrincipalType":"Group","RightName":"Owns","IsInherited":false},{"PrincipalSID":"S-1-5-21-1786406921-1914792807-2072761762-512","PrincipalType":"Group","RightName":"GenericAll","IsInherited":false},{"PrincipalSID":"S-1-5-21-1786406921-1914792807-2072761762-519","PrincipalType":"Group","RightName":"GenericAll","IsInherited":true},{"PrincipalSID":"ACUTE.LOCAL-S-1-5-32-544","PrincipalType":"Group","RightName":"WriteDacl","IsInherited":true},{"PrincipalSID":"ACUTE.LOCAL-S-1-5-32-544","PrincipalType":"Group","RightName":"WriteOwner","IsInherited":true}],"ObjectIdentifier":"407FF4A5-722D-41AF-B304-0790756CDC80","IsDeleted":false,"IsACLProtected":false},{"GPOChanges":{"LocalAdmins":[],"RemoteDesktopUsers":[],"DcomUsers":[],"PSRemoteUsers":[],"AffectedComputers":[{"ObjectIdentifier":"S-1-5-21-1786406921-1914792807-2072761762-1000","ObjectType":"Computer"}]},"Properties":{"domain":"ACUTE.LOCAL","name":"DOMAIN CONTROLLERS@ACUTE.LOCAL","distinguishedname":"OU=DOMAIN CONTROLLERS,DC=ACUTE,DC=LOCAL","domainsid":"S-1-5-21-1786406921-1914792807-2072761762","highvalue":false,"description":"Default container for domain controllers","whencreated":1640035788,"blocksinheritance":false},"Links":[{"IsEnforced":false,"GUID":"4145DF5A-7C19-45A1-B0C7-83338D652B1A"},{"IsEnforced":false,"GUID":"A1AF3B6A-0B17-42F5-AE42-242AD68FDCCE"}],"ChildObjects":[{"ObjectIdentifier":"S-1-5-21-1786406921-1914792807-2072761762-1000","ObjectType":"Computer"}],"Aces":[{"PrincipalSID":"S-1-5-21-1786406921-1914792807-2072761762-512","PrincipalType":"Group","RightName":"Owns","IsInherited":false},{"PrincipalSID":"S-1-5-21-1786406921-1914792807-2072761762-512","PrincipalType":"Group","RightName":"WriteDacl","IsInherited":false},{"PrincipalSID":"S-1-5-21-1786406921-1914792807-2072761762-512","PrincipalType":"Group","RightName":"WriteOwner","IsInherited":false},{"PrincipalSID":"S-1-5-21-1786406921-1914792807-2072761762-519","PrincipalType":"Group","RightName":"GenericAll","IsInherited":true},{"PrincipalSID":"ACUTE.LOCAL-S-1-5-32-544","PrincipalType":"Group","RightName":"WriteDacl","IsInherited":true},{"PrincipalSID":"ACUTE.LOCAL-S-1-5-32-544","PrincipalType":"Group","RightName":"WriteOwner","IsInherited":true}],"ObjectIdentifier":"3D2A8B77-0D5C-411E-AEB8-DAA90ED3A0B5","IsDeleted":false,"IsACLProtected":false}],"meta":{"methods":29695,"type":"ous","count":6,"version":5}}